Ana Abrantes,Ana_Abrantes@Brown.EDU
Christine Acebo,Christine_Acebo@Brown.EDU
Paul Alexander,Paulalexander1@cox.net
Marisa Allegra,Marisa_I_C_Allegra@Brown.EDU
Thomas Anders,Thomas_Anders@brown.edu
Jennifer Anthony,JANTHONY@LIFESPAN.ORG
Richard Archambault,Richard_Archambault@Brown.EDU
Michael Armey,Michael_Armey@brown.edu
Jose Arvizu,Jose_Arvizu_Olvera@brown.edu
Genie Bailey,Genie_Bailey@Brown.EDU
Steven Barreto,Steven_Barreto@Brown.EDU
Rowland Barrett,RBarrett@lifespan.org
Cynthia Battle,Cynthia_Battle@Brown.EDU
Courtney Beard,Courtney_Beard@brown.edu
Sara Becker,Sara_Becker@brown.edu
Megan Beers,Megan_Beers@brown.edu
Christina Bellanti,Christina_Bellanti@Brown.EDU
Kristen Benito,kbenito@lifespan.org
Douglas Bernon,Douglas_Bernon@brown.edu
Karyn Blane,Karyn_Blane@Brown.EDU
Beth Bock,Beth_Bock@Brown.edu
John Boekamp,John_Boekamp@Brown.EDU
Daniela Boerescu,dboerescu@lifespan.org
Julie Boergers,Julie_Boergers@Brown.EDU
Christina Boisseau,Christina_Boisseau@brown.edu
Robert Boland,Robert_Boland_1@Brown.EDU
Dale Bond,Dale_Bond@brown.edu
M. Christopher Borden,M_Borden@Brown.EDU
Belinda Borrelli,Belinda_Borrelli@Brown.EDU
William Braden,William_Braden@Brown.EDU
Nancy Brand,Nancy_Brand@brown.edu
Patricia Bresky,Patricia_Bresky@brown.edu
Willoughby Britton,Willoughby_Britton@brown.edu
Deirdre Brogan,Deirdre_Brogan@brown.edu
Edward Brown,Edward_Brown@Brown.EDU
Larry Brown,Larry_Brown@Brown.edu
Richard A. Brown,Richard_Brown@Brown.EDU
Walter Brown,Walter_Brown@Brown.EDU
Margaret Bublitz,mbublitz@lifespan.org
Maria Buckley,Maria_Buckley@brown.edu
Andrew Busch,Andrew_Busch@brown.edu
Melissa Buttaro,Melissa_Buttaro@brown.edu
Karen Cammuso,KCammuso@lifespan.org
Christy Capone,Christy_Capone@brown.edu
Esteban Cardemil,Esteban_Cardemil@Brown.EDU
Michael P. Carey,Michael_Carey@brown.edu
Linda Carpenter,Linda_Carpenter_MD@Brown.EDU
Mary A. Carskadon,Mary_Carskadon@Brown.EDU
Brady Case,Brady_Case@brown.edu
Iwona Chelminski,Iwona_Chelminski@Brown.EDU
Paul Christopher,Paul_Christopher@brown.edu
Ronald Cohen,Ronald_Cohen@Brown.EDU
Suzanne Colby,Suzanne_Colby@Brown.EDU
Travis Cook,Travis_Cook@brown.edu
Stephen Correia,Stephen_Correia@Brown.EDU
Geanina Costea,GCOSTEA@LIFESPAN.ORG
Ellen Costello,ecostello@butler.org
Suzannah Creech,suzannah.creech@va.gov
Kristy Dalrymple,Kristy_Dalrymple@brown.edu
G. Thamara Davis,G_Thamara_Davis@Brown.EDU
Jennifer Davis,Jennifer_Davis@Brown.EDU
Marcel de Dios,Marcel_DeDios@brown.edu
Laura Deihl,Laura_Deihl@brown.edu
Kathryn Demos,Kathryn_Demos@brown.edu
Judith DePue,jdepue@lifespan.org
Margaret DiCarlo,Margaret_Dicarlo@Brown.EDU
Susan Dickstein,Susan_Dickstein@brown.edu
Daniel Dickstein,Daniel_Dickstein@brown.edu
Elizabeth Didie,Elizabeth_Didie@brown.edu
Stephen Dizio,Stephen_Dizio_MD@brown.edu
Deidre Donaldson,Deidre_Donaldson@brown.edu
Laura Drury,Laura_Drury@Brown.EDU
Jennifer Dyl,JDylphd2@gmail.com
Jessica Edwards George,Jessica_Edwards-George@brown.edu
Jane Eisen,Jane_Eisen@Brown.EDU
Gary Epstein-Lubow,Gary_Epstein-Lubow_MD@Brown.EDU
Allison Schettini Evans,Allison_Schettini@brown.edu
Frank Faltus,Frank_Faltus@brown.edu
Carol Faulkner,Carol_Faulkner@Brown.EDU
David Faust,David_Faust@brown.edu
Leslie Ann Feil,Leslie_Ann_Feil@brown.edu
Michael Fiori,Michael_Fiori@Brown.EDU
Walter Fitzhugh,Walter_Fitzhugh_III@brown.edu
Laura Frakey,Laura_Frakey@brown.edu
Greta Francis,Greta_Francis@Brown.EDU
Lisa Freda,Lisa_Freda@brown.edu
Jennifer Freeman,Jennifer_Freeman@Brown.EDU
Fredric Friedman,Fredric_Friedman@Brown.EDU
Michael Friedman,Michael_Friedman_2@brown.edu
Catherine Friedman,Catherine_Friedman@brown.edu
Karen Friend,Karen_Friend@Brown.EDU
Gregory Fritz,Gregory_Fritz@Brown.EDU
Martin Furman,Martin_Furman@Brown.EDU
Abbe Garcia,Abbe_Garcia@Brown.EDU
Brandon Gaudiano,Brandon_Gaudiano@brown.edu
Jonathan Gershon,Jonathan_Gershon@Brown.EDU
Jessica Gokee LaRose,Jessica_Gokee_LaRose@brown.edu
Richard Goldberg,rjgoldberg@lifespan.org
Michael Goldstein,Michael_Goldstein@Brown.EDU
Win Gongvatana,assawin@brown.edu
Matthew Goodwin,Matthew_Goodwin@Brown.EDU
Alan Gordon,Alan_Gordon@Brown.EDU
David Gottesman, Ph.D.,dgottesman@aya.yale.edu
Janet Grace,Janet_Grace@Brown.EDU
Rod Gragg,Rod_Gragg@Brown.EDU
Benjamin Greenberg,Benjamin_Greenberg@Brown.EDU
James Edward Greer,James_Greer@Brown.EDU
Frederick Guggenheim,Frederick_Guggenheim@brown.edu
Thomas Guilmette,Thomas_Guilmette@brown.edu
Tracey Guthrie,Tracey_Guthrie@brown.edu
Sarah Hagin,Sarah_Hagin@brown.edu
Colin Harrington,Colin_Harrington@Brown.EDU
Ashley Hart,Ashley_Hart@brown.edu
Chantelle Hart,Chantelle_Hart@brown.edu
Sadaf Hashmi,shashmi@lifespan.org
Dwayne Heitmiller,dheitmiller@lifespan.org
Rachel Herz,Rachel_Herz@Brown.EDU
Lynn Hess,Lynn_Hess@brown.edu
Laurence Hirshberg,Laurence_Hirshberg@Brown.EDU
Leigh Anne Hohlstein,Leigh_Hohlstein@Brown.EDU
Horacio Hojman,Horacio_Hojman_MD@brown.edu
Karen Holler,Karen_Holler@Brown.EDU
Karyn Horowitz,Karyn_Horowitz@brown.edu
Christopher Houck,chouck@lifespan.org
Margaret Howard,Margaret_Howard@Brown.EDU
Neha Hudepohl,nhudepohl@wihri.org
Jeffrey Hunt,Jeffrey_Hunt@brown.edu
Neeta Jain,Neeta_Jain@Brown.EDU
Barbara Jandasek,Barbara_Jandasek@brown.edu
Elissa Jelalian,Elissa_Jelalian@Brown.EDU
Melissa Jenkins Mangili,Melissa_Jenkins@Brown.EDU
Ernestine Jennings,Ernestine_Jennings@brown.edu
Beth A. Jerskey,Beth_Jerskey@brown.edu
Benjamin Johnson,BenJohnson@RICBT.com
Eileen Johnson,Eileen_Johnson@Brown.EDU
Belinda Anne Johnson,Belinda_Johnson@Brown.EDU
Jennifer Johnson,Jennifer_Johnson@brown.edu
Robert G. Johnston,Robert_G_Johnston@Brown.EDU
Ferdinand Jones,Ferdinand_Jones@Brown.EDU
Hung-Teh Kao,Hung-Teh_Kao@brown.edu
Gabor Keitner,Gabor_Keitner@Brown.EDU
Megan Kelly,Megan_Kelly@brown.edu
Susan Kelly,Susan_M_Kelly@brown.edu
Kathleen Kendra,Kathleen_Kendra@brown.edu
George Kenna,George_Kenna@brown.edu
Amir Khan,Amir_Khan@brown.edu
Kerri Kim,Kerri_Kim@brown.edu
Jennifer Kittler,Jennifer_Kittler@brown.edu
Margaret Klitzke,Margaret_Klitzke@brown.edu
Robert Kohn,Robert_Kohn@Brown.EDU
Daphne Koinis-Mitchell,Daphne_Koinis-Mitchell@Brown.EDU
Sheryl Kopel,Sheryl_Kopel@brown.edu
Renu Kothari,Renu_Kothari_MD@brown.edu
Liliya Koyfman,Liliya_Koyfman@Brown.EDU
Peter Kramer,Peter_Kramer@Brown.EDU
Brandon Krupp,Brandon_Krupp@Brown.EDU
Jayne Kurkjian,Jayne_Kurkjian@Brown.EDU
W. Curt LaFrance Jr.,William_LaFrance_Jr@Brown.EDU
Jennifer Lambert,Jennifer_Lambert@Brown.EDU
Carol Landau,Carol_Landau@Brown.EDU
Rebecca Laptook,Rebecca_Laptook@brown.edu
Tricia Leahey,Tricia_Leahey@brown.edu
Monique LeBourgeois,Monique_LeBourgeois@brown.edu
Catherine Lee,cslee@brown.edu
Barry Lester,Barry_Lester@Brown.EDU
Todd Levine,Todd_Levine@Brown.EDU
David Lichtenstein,David_Lichtenstein@brown.edu
Diana Elliott Lidofsky,Diana_Lidofsky@brown.edu
Paul Lieberman,Paul_Lieberman@Brown.EDU
Jason Lillis,jasonlillis22@gmail.com
Elizabeth Lloyd-Richardson,ERichardson@Lifespan.org
Debra Lobato,Debra_Lobato@Brown.EDU
Richard Longabaugh,Richard_Longabaugh@Brown.EDU
Christine M. Low,Christine_Low@brown.edu
Elizabeth Lowenhaupt,Elizabeth_Lowenhaupt@Brown.EDU
Arnold Ludwig,Arnold_Ludwig@brown.edu
Katarina Lukatela,Katarina_Lukatela@Brown.EDU
Paul Malloy,Paul_Malloy@Brown.EDU
Charles Malone,Charles_Malone@Brown.EDU
Maria Mancebo,Maria_Mancebo@Brown.EDU
Margaret Mannix,Margaret_Mannix@brown.edu
Abigail Mansfield Marcaccio,amansfieldmarcaccio@lifespan.org
Bess Marcus,Bess_Marcus@Brown.EDU
Louis Marino,Louis_Marino@Brown.EDU
Saul Martin,Saul_Martin@Brown.EDU
Jeanne McCaffery,Jeanne_McCaffery@Brown.EDU
James McCartney,James_McCartney@Brown.EDU
David McConville,David_McConville@brown.edu
Kevin McKay,Kevin_McKay@brown.edu
Nicole McLaughlin,Nicole_McLaughlin@brown.edu
Elizabeth McQuaid,Elizabeth_McQuaid@Brown.EDU
Arthur Mercurio,Arthur_Mercurio_Jr_Ma@brown.edu
Ivan Miller,Ivan_Miller_III@Brown.EDU
Robert Miranda Jr.,Robert_Miranda_Jr@Brown.EDU
Ethan Moitra,Ethan_Moitra@brown.edu
Christine Montross,Christine_Montross@Brown.EDU
Carmen Monzon,Carmen_Monzon@brown.edu
Kathleen Morrow,Kathleen_Morrow@Brown.EDU
Tracy Mullare,Tracy_Mullare@brown.edu
James Murphy,James_Murphy@Brown.EDU
Wade Myers,Wade_Myers@brown.edu
Justin Nash,Justin_Nash@Brown.EDU
Jack Nassau,Jack_Nassau@Brown.EDU
Raymond Niaura,Raymond_Niaura@Brown.EDU
Kate Nielsen,Kate_Nielsen@brown.edu
Heather Niemeier,Heather_Niemeier@brown.edu
Ted Nirenberg,Ted_Nirenberg@Brown.EDU
Nicole Nugent,Nicole_Nugent@brown.edu
Erin O'Brien,Erin_OBrien@brown.edu
Alvaro Olivares,Alvaro_Olivares@Brown.EDU
Karen Oliver,Karen_Oliver@brown.edu
Warren Ong,Warren_Ong_MD@Brown.EDU
Lindsay Orchowski,Lindsay_Orchowski@brown.edu
Wendy Ossman,Wendy_Ossman@brown.edu
Margaret Paccione-Dyszlewski,Margaret_Paccione-Dyszlewski@brown.edu
Maria Pagano,Maria_Pagano@Brown.EDU
Kathleen Palm,Kathleen_Palm@brown.edu
Rebecca Papas,Rebecca_Papas@brown.edu
Stephanie Parade,Stephanie_Parade@brown.edu
Robert Paul,Robert_Paul@brown.edu
Teri Pearlstein,Teri_Pearlstein@Brown.EDU
David Pearson,David_Pearson@Brown.EDU
Dorothy Pekmezi,Dorothy_Pekmezi@brown.edu
Suzanne Phelan,Suzanne_Phelan@Brown.EDU
Noah Philip,Noah_Philip@brown.edu
Katharine Phillips,Katharine_Phillips@Brown.EDU
Megan Pinkston-Camp,Megan_Pinkston-Camp@brown.edu
Bernadine Pinto,Bernadine_Pinto@Brown.EDU
Angela Marinilli Pinto,Angela_Marinilli@brown.edu
Irene Piryatinsky,Irene_Piryatinsky@brown.edu
Wendy Plante,Wendy_Plante@Brown.EDU
Barry Plummer,Barry_Plummer@Brown.EDU
Barbara Porton,Barbara_Porton@brown.edu
Donn Posner,dposner@lifespan.org
Lawrence H. Price,Lawrence_Price_MD@Brown.EDU
Ann Back Price,Ann_Back_Price@brown.edu
C. Brandon Qualls,C_Qualls@Brown.EDU
Carolyn Rabin,Carolyn_Rabin@Brown.EDU
Susan Raffa,Susan_Raffa@brown.edu
Steven Rasmussen,Steven_Rasmussen@Brown.EDU
Lucy Rathier,Lucille_Rathier@brown.edu
Hollie Raynor,Hollie_Raynor@Brown.EDU
Patricia Recupero,Patricia_Recupero@Brown.EDU
Madhavi Reddy,Madhavi_Reddy@brown.edu
Richard Rende,Richard_Rende@Brown.EDU
Kenneth Rickler,Kenneth_Rickler@Brown.EDU
Christie Rizzo,Christie_Rizzo@brown.edu
Daniel Rodriguez,Daniel_Rodriguez_1@brown.edu
Thomas Roesler,Thomas_Roesler@brown.edu
Jamison Rogers,Jamison_Rogers@brown.edu
Karen Rosen,Karen_Rosen@Brown.EDU
Mindy Rosenbloom,Mindy_Rosenbloom@Brown.EDU
Andrew Rosenzweig,Andrew_Rosenzweig@Brown.EDU
Lowell Rubin,Lowell_Rubin@Brown.EDU
Noha Sadek,Noha_Sadek@brown.edu
Paul Sapir,Paul_Sapir@Brown.EDU
Thomas Scaramella,Thomas_Scaramella@Brown.EDU
Yael Schonbrun,Yael_Chatav_Schonbrun@brown.edu
Lori A. J. Scott-Sheldon,Lori_Scott-Sheldon@brown.edu
Ronald Seifer,Ronald_Seifer@Brown.EDU
Gregg Selke,Gregg_Selke@brown.edu
Theresa Senn,tsenn@lifespan.org
Lisa Shea,Lisa_Shea@Brown.EDU
M. Tracie Shea,M_Shea@Brown.EDU
Stephen Sheinkopf,Stephen_Sheinkopf@Brown.EDU
Stephanie Shepard,Stephanie_Shepard@brown.edu
Nicholas J. Sibrava,Nicholas_Sibrava@brown.edu
Michael Silver,Michael_Silver@Brown.EDU
Rebecca Silver,Rebecca_Silver@brown.edu
Alan Sirota,Alan_Sirota@Brown.EDU
Luisa Skoble,Luisa_Skoble@Brown.EDU
Cheryl Slomkowski,cslomkowski@butler.org
Richard Smith,Richard_Smith@Brown.EDU
David Solomon,David_Solomon@Brown.EDU
Megan Spencer,Megan_Spencer@Brown.edu
Anthony Spirito,Anthony_Spirito@Brown.EDU
Emily Spurrell,Emily_Spurrell_PhD@Brown.EDU
Cassandra Stanton,Cassandra_Stanton@brown.edu
Achina Stein,Achina_Stein@brown.edu
Angela Stewart,Angela_Stewart@brown.edu
Kristen Stone,Kristen_Stone@brown.edu
Robert Stout,Robert_Stout@Brown.EDU
David Strong,david_strong@brown.edu
Laura Stroud,lstroudri@gmail.com
Gregory Stuart,Gregory_Stuart@Brown.EDU
Lawrence Sweet,Lawrence_Sweet@Brown.EDU
Rebecca Swenson,Rebecca_Swenson@brown.edu
Robert Swift,Robert_Swift_MD@Brown.EDU
Gerald Tarnoff,Gerald_Tarnoff@brown.edu
Leila Tarokh,Leila_Tarokh@brown.edu
Tahir Tellioglu,ttellioglu@lifespan.edu
Tracy O'Leary Tevyaw,Tracy_O'Leary@Brown.EDU
Ronald Thebarge,Ronald_Thebarge@Brown.EDU
Graham Thomas,John_G_Thomas@brown.edu
Jennifer Tidey,Jennifer_Tidey@Brown.EDU
John Todaro,John_Todaro@Brown.EDU
Marina Tolou-Shams,Marina_Tolou-Shams@brown.edu
Christine Trask,Christine_Trask@brown.edu
Geoffrey Tremont,Geoffrey_Tremont@Brown.EDU
Jean Twomey,Jean_Twomey@wihri.org
Barbara Tylenda,Btylenda@Lifespan.org
Audrey Tyrka,Audrey_Tyrka@Brown.EDU
Holly Tytell,Holly_Tytell@brown.edu
Lisa Uebelacker,Lisa_Uebelacker@Brown.EDU
Jody Ann Underwood,Jody_Underwood@Brown.EDU
William Unger,William_Unger@Brown.EDU
Jessica Unick,Jessica_Unick@brown.edu
Eliza Van Reen,Eliza_van_Reen@brown.edu
Alice-Lee Vestner,Alice-Lee_Vestner@brown.edu
Rendueles Villalba,Rendueles_Villalba@Brown.EDU
Barry Wall,Barry_W_Wall@Brown.EDU
Anne Walters,Anne_Walters@Brown.EDU
Lauren Weinstock,Lauren_Weinstock@brown.edu
Risa Weisberg,Risa_Weisberg@Brown.EDU
Marjorie Weishaar,Marjorie_Weishaar@Brown.EDU
Susan Wenze,Susan_Wenze@brown.edu
Holly Westervelt,HWestervelt@lifespan.org
Robert Westlake,Robert_Westlake@Brown.EDU
Richard Whalen,Richard_Whalen@Brown.EDU
Elizabeth Wheeler,Elizabeth_Wheeler_MD@brown.edu
William Whelihan,William_Whelihan@Brown.EDU
Jessica Whiteley,JWhiteley@lifespan.org
Laura Whiteley,Laura_Brave@brown.edu
Julie Wilson,Julie_Wilson@Brown.EDU
John Wincze,John_Wincze@Brown.EDU
Rena Wing,Rena_Wing_PhD@Brown.EDU
Patricia Wold,Patricia_Wold@Brown.EDU
Jennifer Wolff,Jennifer_Wolff@brown.edu
Shirley Yen,Shirley_Yen_PhD@Brown.EDU
Agustin Yip,agustinyip@brown.edu
Robert Zielinski,Robert_Zielinski@Brown.EDU
Mark Zimmerman,Mark_Zimmerman@Brown.EDU
Caron Zlotnick,Caron_Zlotnick@Brown.EDU
William Zywiak,William_Zywiak@brown.edu